Dataset,Label,Mean,Std,Min,Max,RMS
MIMII,Normal,0.06904922399252937,-1.0593913533199022,1.090035629654908,-1.088993365063868,-1.089187348609991
MIMII,Normal,0.06904922399252937,-1.0593913533199022,1.090035629654908,-1.088993365063868,-1.089187348609991
MIMII,Abnormal,0.06920676106499443,-1.0273883087228595,1.1188158580729541,-1.1377480200567271,-1.057615998646074
MIMII,Abnormal,0.06920676106499443,-1.0273883087228595,1.1188158580729541,-1.1377480200567271,-1.057615998646074
CWRU,Normal,0.4012951033092213,-0.45010252588483274,0.8572905987799954,-0.55502465226399,-0.47792484865032003
CWRU,Inner Race Fault,0.4247228924101122,1.646630589815468,-0.34575584601716625,2.6712905250960923,1.5832661311684488
CWRU,Ball Fault,0.4025874206396752,0.18290769784269684,0.5047312855528581,0.10633721132250878,0.14176673853879895
CWRU,Outer Race Fault,0.6821397733176393,5.272383609832669,-2.578329253606407,6.945233911698783,5.160969066670839
IB,IB_Class_1,0.32409112151411046,-0.9782661640298289,1.0797292854535256,-1.0976957744524887,-0.9858479932202004
IB,IB_Class_1,0.34072321569039077,-0.5794987785303526,-2.4961256391040414,-1.0319391368812656,-0.6074005754441093
IB,IB_Class_1,0.2920488678149984,-0.9745370524430538,1.0765380316356408,-1.0888830292109846,-0.9877451532080797
IB,IB_Class_1,1.2539581982606707,-0.9690465554477574,1.1182444177383433,-0.981322343699293,-0.7171480695153408
IB,IB_Class_1,0.411895536891069,-0.9676577800718009,1.094695165427055,-1.0956620640121415,-0.9604214191417209
IB,IB_Class_1,0.5216569842367217,-0.9577717906242471,1.0743371669336512,-1.0626707613131774,-0.9286232400007116
IB,IB_Class_1,-0.3264301336110755,-0.5781822595693515,-2.5389324575577388,-1.1241340101770012,-0.5969343768977252
IB,IB_Class_1,0.05563452350247023,-0.9675427085525944,1.088312657791285,-1.1175809432025492,-0.9985135369480438
IB,IB_Class_1,-0.3911081944704357,-0.5770343290736203,-2.546415397544503,-1.163678379850417,-0.5897676952870256
IB,IB_Class_1,0.5263646560701789,-0.9621717217095124,1.0797292854535256,-1.0450452708301692,-0.9307698889156231
IB,IB_Class_1,0.4361289686507877,-0.970762314305493,1.0904034792581752,-1.0714835065546815,-0.9578311416270127
IB,IB_Class_1,0.5035836148021274,-0.969966108272937,1.1032785377648142,-1.0714835065546815,-0.9419318988099852
IB,IB_Class_1,0.6882772962845447,-0.5869396428347033,-2.450127566832459,-1.0186070351056569,-0.5803915764833999
IB,IB_Class_1,0.6207203899863438,-0.585967368682504,-2.4554096421172344,-1.0692238282876292,-0.5880451664312933
IB,IB_Class_1,0.6501231462715138,-0.968984750722884,1.1000872839469291,-1.0647044717535246,-0.9036710236567579
IB,IB_Class_1,0.7192132137570959,-0.9685354211360707,1.0904034792581752,-1.0450452708301692,-0.8841099161395776
IB,IB_Class_1,0.7144462606790823,-0.9716087118505016,1.1021781054138193,-1.0473049490972215,-0.8872979338660514
IB,IB_Class_1,0.5903913642549552,-0.9760238849191312,1.1086706562846886,-1.0780365735291333,-0.9243176097379278
IB,IB_Class_1,0.5990064111203355,-0.9596351385538946,1.107570223933694,-1.0077605794238054,-0.9109875944844488
IB,IB_Class_1,0.6072331658338613,-0.9626170635721574,1.1043789701158089,-1.0473049490972215,-0.9109071888070911
IB,IB_Class_2,0.5372183109331771,-0.5206930294747069,0.15316524591591324,0.2666979631937164,-0.5354751761552935
IB,IB_Class_2,0.5398837438916102,-0.656678694681433,0.7662161086551103,-0.3068083809841685,-0.6634466339587625
IB,IB_Class_2,0.5633257710364825,-0.5534790420486174,0.611055147164845,0.15687759941497234,-0.5640032749178925
IB,IB_Class_2,0.5525276923402589,-0.6242581344695664,0.738375170174942,-0.37482469682244396,-0.6317172563713624
IB,IB_Class_2,0.5629611913824513,-0.5400058960461245,0.4324549765983907,0.4908580472853088,-0.5513036249855668
IB,IB_Class_2,0.543568814256443,-0.5844974563450978,0.5372161364130946,-0.12874573354044377,-0.5953364770172326
IB,IB_Class_2,0.5623943144813658,-0.6010962186304506,0.7127350963967636,-0.35064613936498396,-0.6089168792940047
IB,IB_Class_2,0.5644321072630459,-0.5849772138457943,0.5992805210092007,-0.09372072040113255,-0.5935623617207463
IB,IB_Class_2,0.5623113207389864,-0.5839489165355984,0.4773526165189781,-0.05621006116806351,-0.5928258788415445
IB,IB_Class_2,0.5760408569785977,-0.47359163939466425,0.4773526165189781,0.36996525999800844,-0.48699357317200714
IB,IB_Class_2,0.5493331742741442,-0.46891806794655966,0.3853564719758137,0.21178778130434428,-0.4849812602359662
IB,IB_Class_2,0.5567448118749955,-0.5074183832970419,0.4869263779726328,0.07982257050848739,-0.5210006302825346
IB,IB_Class_2,0.5483713360811898,-0.5016583728749616,0.20444539347227036,0.33042089032459226,-0.5163065408385046
IB,IB_Class_2,0.568525477199769,-0.5009559825929415,0.12103262126686538,0.34352702427349596,-0.5137291779242161
IB,IB_Class_2,0.5630604874670848,-0.49270814097624316,0.28158570127700516,0.30624233286713237,-0.5064091508928188
IB,IB_Class_2,0.555059001482882,-0.5877319851153877,0.6506707118006575,-0.11789927785859247,-0.5971662748654537
IB,IB_Class_2,0.5729471170282331,-0.5063990003336586,0.5029926902971567,0.0007338311616555447,-0.5184663449700364
IB,IB_Class_2,0.5348759607575816,-0.3687858114763966,-0.07792554779299257,1.0883169810939484,-0.3900303854854078
IB,IB_Class_2,0.5402475825300846,-0.6146843507756913,0.671028710294061,-0.500236840643849,-0.6241110234756342
IB,IB_Class_2,0.5536481078624033,-0.49791877800735007,0.5618658210753779,0.3259015337904876,-0.5122530585821319
IB,IB_Class_3,-0.22931708080741017,0.1829217955457629,-0.007057704388928135,0.7916212246299758,0.14069726429347562
IB,IB_Class_3,-0.23219222116846905,0.638535762183127,-0.5262416875882696,1.6527846122036238,0.589125263180582
IB,IB_Class_3,-0.26812702958836365,0.5221056692706131,-0.5655271225187835,1.2135031570886485,0.47538352226802755
IB,IB_Class_3,-0.2739995778773838,0.48670064747367964,-0.16452957381628247,0.7916212246299758,0.4407093858055785
IB,IB_Class_3,-0.2049398920296394,-0.01645276773077881,0.06359005254493737,0.22466794742654272,-0.05602410506949925
IB,IB_Class_3,-0.20269387387644988,0.5471689643391741,-0.43842718597888536,1.2819714085803344,0.49852261534854725
IB,IB_Class_3,-0.2250014062035943,0.5600914230868005,-0.589076374830072,1.4796932569474144,0.5117277789620142
IB,IB_Class_3,-0.19517923511317803,0.3838522940477105,-0.1739932920348376,0.8883354544598159,0.33753926605548995
IB,IB_Class_3,-0.16727851736199462,0.04016560789050319,0.0421316217005389,0.3082760433074795,-0.001419415915219303
IB,IB_Class_3,-0.1997853878153284,0.33089906443185396,-0.3065953903297097,1.0948700480684004,0.28551334097526837
IB,IB_Class_3,-0.09164454149277503,0.11543723801619345,-0.2017241872799064,0.7959146133373752,0.07111703863799212
IB,IB_Class_3,-0.19098582807626188,0.6641264220063338,-0.43633636451199526,1.5165260127003675,0.6134979211782213
IB,IB_Class_3,-0.14159343612616299,0.5297190449323973,-0.22527343959119472,0.8266462377692869,0.4801996871390887
IB,IB_Class_3,-0.13320588103677386,0.18578005926211952,-0.27886449508464095,0.6754737617034853,0.14117367565504635
IB,IB_Class_3,-0.11273162119758207,-0.03763457881487841,-0.0005651535180588613,0.23167295005440497,-0.07928632698603069
IB,IB_Class_3,-0.16840782507082158,0.34690002420047233,-0.5582642690022179,1.7872354690932386,0.3005767375087373
IB,IB_Class_3,-0.17212401808904623,0.35159788878079273,-0.26598943657800184,0.8047273585788793,0.3052803772498055
IB,IB_Class_3,-0.1310584179526637,0.3353422778677972,-0.5484704210783644,1.7363927080845605,0.28848044443348436
IB,IB_Class_3,-0.1291940228113165,0.5757904283518228,-0.39352954605829804,1.2248015484239099,0.5254132565108683
IB,IB_Class_4,0.7212747190365966,-0.17263604503390606,-0.02840609199822689,0.5631677518309839,-0.18649569050003534
IB,IB_Class_4,0.7370835449290791,-0.24277450503186337,0.20048383700868921,0.5367295161064713,-0.2521467456808888
IB,IB_Class_4,0.7224269982276897,-0.249105384522068,0.13500811212449926,0.8092467151129841,-0.2595291862496579
IB,IB_Class_4,0.7128730846516266,-0.2055805536414397,0.11277937863440451,0.35030605907465295,-0.21877637691361873
IB,IB_Class_4,0.7646018986528633,-0.3013089287904973,0.3075559047604821,0.400470916603215,-0.30503777551316297
IB,IB_Class_4,0.6757637665739269,-0.051219233475574805,-0.055366684597599435,0.9041532023291824,-0.07305129848226453
IB,IB_Class_4,0.71380231816007,-0.2089954075082091,0.07294372752839315,0.16139695594907705,-0.22196558266724983
IB,IB_Class_4,0.6784314225790333,-0.3058001180100483,0.00669769999850668,0.09112096184374911,-0.3176225915676011
IB,IB_Class_4,0.702129100091061,-0.331285230070498,-0.004856839686938555,0.6553626251267194,-0.339660243889511
IB,IB_Class_4,0.685556287159337,-0.2556993379960271,-0.10675687538905605,0.6818008608512319,-0.2691144528535054
IB,IB_Class_4,0.6839527294940462,-0.23816859363557616,0.22491343520077353,0.5674611405383834,-0.2524664592123979
IB,IB_Class_4,0.6523432288802069,-0.08159351691270773,0.22491343520077353,0.6596560138341189,-0.1040759441686559
IB,IB_Class_4,0.6682120770328054,-0.1513552943079045,0.00669769999850668,0.6140105128396616,-0.17029675077938755
IB,IB_Class_4,0.6753339775508815,-0.3124637040666552,0.19201050790602928,0.2933621667449339,-0.3242619516112445
IB,IB_Class_4,0.6754984830045292,-0.2611297545998488,0.20994755522724431,0.5349217734928294,-0.27518297868025626
IB,IB_Class_4,0.71191717458313,-0.3107767634724067,0.4688792874163183,0.29494394153187065,-0.3192335672671938
IB,IB_Class_4,0.6819831101436103,-0.2603738961364684,0.245491520164376,0.7371629783940142,-0.27389832395605357
IB,IB_Class_4,0.6782194921297394,-0.2578356129001974,0.04730365375021457,0.6228232580811657,-0.2717945111006387
IB,IB_Class_4,0.6767374610157915,-0.3096492573760984,0.2292051213696531,0.36521993563719857,-0.32144912380927243
IB,IB_Class_4,0.696010534637125,-0.3971326354912755,0.2604574001379052,-0.036324892418003074,-0.4026307012521984
IB,IB_Class_5,0.6852369094542813,-0.03959894984325457,0.3353968432406503,0.03847045822142954,-0.061144620182140966
IB,IB_Class_5,0.531141242350432,0.05322911014624468,-2.497886330865633,0.3566331582223996,0.01990376904406915
IB,IB_Class_5,0.6588597196882369,0.08923363483303137,0.245491520164376,0.2185668161055013,0.062053400638423045
IB,IB_Class_5,0.678619640530504,0.09592442716200812,-0.11963193389569513,0.3767442947991655,0.06977555796914282
IB,IB_Class_5,0.6991635558320513,-0.1526330019015483,0.165049915306657,0.16320469856271896,-0.16910792802315297
IB,IB_Class_5,0.6159097169904686,0.1538584791458648,-2.487212137060984,0.2511061831510552,0.12251625840599131
IB,IB_Class_5,0.9563174435531688,-0.14758659129572269,0.3374876647075404,0.22466794742654272,-0.13987674810167644
IB,IB_Class_5,0.8225204156015052,0.16772047954022926,-2.497886330865633,0.2599189283925594,0.1490720490662053
IB,IB_Class_5,0.8893288961871645,-0.14557583376304084,0.32252178473401133,-0.12693799092680186,-0.1450618971474869
IB,IB_Class_5,0.19793025887706417,0.18682696288549824,-0.0947621627632127,0.4443086749840304,0.14102742220861278
IB,IB_Class_5,0.9532785387540165,-0.12359372525670956,0.21423924139612402,0.21585520218503854,-0.11764570206165897
IB,IB_Class_5,0.7987449314559962,0.12468198682972315,0.22491343520077353,0.5631677518309839,0.10577191676710891
IB,IB_Class_5,0.713069453774223,-0.06222506387592603,0.2690407724756645,0.27121731972782087,-0.08096498507553351
IB,IB_Class_5,0.8013940620721779,-0.10466296858229207,0.16284905060466742,-0.07157587338401951,-0.11450481626692788
IB,IB_Class_5,0.7664640707475399,0.053240997520962535,-0.0005651535180588613,0.2687316736340633,0.03442385833849022
IB,IB_Class_5,0.7951517470202308,0.04568669608593066,0.10298553071055087,0.9102543336502238,0.029301912039498754
IB,IB_Class_5,0.8526545542414083,-0.19694952632868412,0.4346558413003803,0.051576592170333196,-0.19737849430402954
IB,IB_Class_5,0.806876095162673,0.07043293333906402,0.016491547922360447,0.35030605907465295,0.054045061322845436
IB,IB_Class_5,0.7933355178900867,0.061976115356766406,0.24329065546238643,0.431202541035127,0.044860951954381056
IB,IB_Class_5,0.8158483115265129,-0.14403748810890818,0.05929836637605767,0.09112096184374911,-0.15076704900731613
IB,IB_Class_6,-0.7077641493854476,0.7719759442341694,-0.5591446148830139,0.016325611204316755,0.7377499569987439
IB,IB_Class_6,-1.0915383293889325,0.8775656491002797,-0.3065953903297097,-0.29392821486197007,0.8643135663462868
IB,IB_Class_6,-1.1311959999670662,1.053069000891306,-0.49928109498889733,-0.21032011898103342,1.0368173037280244
IB,IB_Class_6,-1.2276577000961502,0.9015274225992573,-0.43842718597888536,0.32138217725638313,0.8978064482845204
IB,IB_Class_6,-0.9334130196862603,0.7959012657180786,-0.35160307348539654,0.03575884430096678,0.774318238893821
IB,IB_Class_6,-0.930468964878403,0.8296345306635204,-0.2574060642402427,0.10174144969889522,0.8068486039801708
IB,IB_Class_6,-1.3889167645892695,1.1425865264699726,-0.5784021810254225,-0.1664823606002179,1.142492524079513
IB,IB_Class_6,-0.6839115996220116,0.7249699980095137,-0.2501432107236769,-0.03903650633846584,0.6906315262383914
IB,IB_Class_6,-1.2198859289346091,0.9402243574192298,-0.46197643829017393,0.13066533151716528,0.9344227508736719
IB,IB_Class_6,-1.0130781201854164,0.9611050486872443,-0.3015334015151335,-0.12693799092680186,0.9397553692623062
IB,IB_Class_6,-1.1199540529522138,0.9226613064182791,-0.5412075675617989,-0.22794560946404166,0.9099385675775282
IB,IB_Class_6,-1.5566715714548176,1.0451496416340176,-0.5784021810254225,-0.12241863439269716,1.0637612893037238
IB,IB_Class_6,-1.614418172794243,1.1703690571768623,-0.5206294825981961,-0.040618281125402306,1.1884496571368255
IB,IB_Class_6,-1.3291753493704712,1.0787564896238009,-0.561235436349904,-0.0652487742362729,1.0763404422064098
IB,IB_Class_6,-1.1234420131788905,0.9154722601257161,-0.42643247335304224,-0.1242263770063391,0.903251512603639
IB,IB_Class_6,-1.0668239785327378,0.913760807311492,-0.6738096658566708,-0.3262416140808187,0.897536273760598
IB,IB_Class_6,-1.0908158392208844,1.0078534150064213,-0.5120461102604367,-0.15495800143825098,0.9902640189203663
IB,IB_Class_6,-1.5450109506502756,0.9763071955697422,-0.5335045411048351,-0.012598270613953319,0.9971357822263541
IB,IB_Class_6,-1.0118258038941301,0.9405979793621343,-0.5004915705749915,0.16139695594907705,0.9197868924721023
IB,IB_Class_7,0.6480860945053932,-0.9160964038158387,1.0466062716885824,-0.9856157324066924,-0.8678563339467462
IB,IB_Class_7,0.6296414762767532,-0.9154521235625341,0.9609926347811879,-0.9923947672078495,-0.8717725978785121
IB,IB_Class_7,0.6264491812573092,-0.8665957347269744,0.997306902364016,-0.9526244297077283,-0.8347091243885036
IB,IB_Class_7,0.6209249102800687,-0.9194266650424117,1.0165644685064248,-0.9682162097503896,-0.8767763273761638
IB,IB_Class_7,0.6312517030820587,-0.897358512027279,1.012272782337545,-0.9594034645088854,-0.8577649564765415
IB,IB_Class_7,0.6330397736210358,-0.8939779754754604,1.0006081994170004,-0.9505907192673811,-0.8547717003331593
IB,IB_Class_7,0.6368093197593616,-0.8844449052756664,1.0165644685064248,-0.9044932826195135,-0.8465695548810078
IB,IB_Class_7,0.6242639263797924,-0.8900487631107857,0.9963165132481206,-0.7878938840396125,-0.853688740241255
IB,IB_Class_7,0.6102150124351227,-0.8912396302341644,1.0593712869601222,-0.8891274704035574,-0.8576933682894659
IB,IB_Class_7,0.6065232729302806,-0.9312823854070029,0.9802502009235967,-0.9372586174917723,-0.8889396576018396
IB,IB_Class_7,0.6022350159020722,-0.9154071961470756,1.0475966608044778,-0.9505907192673811,-0.878106966708899
IB,IB_Class_7,0.5909967739650042,-0.8946079288773491,1.0187653332084143,-0.9175994165684169,-0.8644920455501612
IB,IB_Class_7,0.590842642729153,-0.9163700075029012,1.0369224669998285,-0.9440376522929294,-0.8814341500872714
IB,IB_Class_7,0.5861216326156717,-0.9191997563905,1.0165644685064248,-0.9725095984577888,-0.884663577243422
IB,IB_Class_7,0.5921053332382383,-0.905168803296107,1.044405406986593,-0.9307055505173205,-0.8725247160078877
IB,IB_Class_7,0.5950582802327784,-0.9108889640574301,1.0508979578574622,-0.9307055505173205,-0.8762864827802853
IB,IB_Class_7,0.5934947374075621,-0.9313667872101852,1.0851214039734,-0.9682162097503896,-0.8921012688440333
IB,IB_Class_7,0.5830671664898248,-0.918686759276502,1.044405406986593,-0.8692423016534967,-0.8849635753158742
IB,IB_Class_7,0.5833643137281713,-0.9106045591963422,0.988833573261356,-0.8891274704035574,-0.8786734171283754
IB,IB_Class_7,0.5702661227431001,-0.901714193572163,1.0529887793243522,-0.9352249070514251,-0.8745428014168708
IB,IB_Class_8,-1.1645631894820476,1.465159514442523,-0.797938435048883,0.6930992521864936,1.4388034730381023
IB,IB_Class_8,-2.4701288586921932,1.8769732721814743,-1.2075193560891433,0.4488280315181351,1.9427389302691342
IB,IB_Class_8,-2.464669797083964,2.0602313204403426,-0.8951066116417229,1.2089838005545437,2.1155723012219325
IB,IB_Class_8,-2.0887622382333153,1.8118984511913048,-0.698239264048755,0.6097171241322621,1.8436696659440321
IB,IB_Class_8,-1.9228399628401602,1.768360641892474,-0.810813493555522,0.49718514643305545,1.787339760267538
IB,IB_Class_8,-1.8854927787686728,1.6748126212671788,-0.6576333102970474,0.13247307413080722,1.6945635531384413
IB,IB_Class_8,-2.4187446169249465,2.1170342610168253,-0.8086126288535325,1.9033829320197289,2.1650662036137667
IB,IB_Class_8,-2.5627876669828886,1.9123023704167255,-0.8180763470720875,0.09292870445739104,1.985806245530242
IB,IB_Class_8,-2.254098370320903,1.7594001254718041,-0.7924362732939091,0.11914097235519835,1.809545836887706
IB,IB_Class_8,-2.1810809203833594,1.8721240957555971,-0.8407452535025804,0.82935785168975,1.909595055121496
IB,IB_Class_8,-2.139807835891022,1.9804222177555089,-0.9970066473438404,1.6071391112091664,2.0091618016464357
IB,IB_Class_8,-2.138512540697433,1.8678891327715854,-0.7752695286183904,1.721478831522015,1.9016203512894005
IB,IB_Class_8,-2.7434924617221146,2.182758805384363,-1.063362718108826,1.752210455953927,2.259805072209767
IB,IB_Class_8,-2.2185933509240514,1.9928886506234456,-0.8771695643205079,1.7230606063089515,2.02815770943239
IB,IB_Class_8,-3.0291006058154744,2.11891574804022,-0.9014891192774928,1.5104248813793264,2.2314751704733
IB,IB_Class_8,-2.467903588974599,2.1471751543208484,-0.879260385787398,1.475399868240015,2.198421825197889
IB,IB_Class_8,-2.0106391911082206,2.077105148556914,-1.056870167237957,1.501612136137822,2.0908159033717904
IB,IB_Class_8,-2.247632268570747,2.07143123380044,-0.6653363367540108,0.8117323612067416,2.105738770479656
IB,IB_Class_8,-2.417892449034427,2.180080240240375,-0.9657543685755884,0.7767073480674301,2.2249759106805183
IB,IB_Class_8,-3.610342834488054,2.4474041993551205,-1.1411632853241578,1.2046904118471442,2.6066317321138306
IB,IB_Class_9,-0.4709340953454549,-0.557213579375798,-2.4447354483125854,-1.1372401441259048,-0.562594420301112
IB,IB_Class_9,0.5415932667815493,-0.5623104262074758,-2.3741977346138188,-1.0319391368812656,-0.574569553094876
IB,IB_Class_9,0.5076932870811047,-0.5634050381062238,-2.3666047513919546,-0.9548841079747806,-0.5789060414756757
IB,IB_Class_9,0.7059927552051223,-0.8697536004045002,1.0765380316356408,-0.9526244297077283,-0.8197479401657322
IB,IB_Class_9,0.5435873396453679,-0.5633491844574761,-2.368805616093945,-1.0427855925631169,-0.5753517651669999
IB,IB_Class_9,0.4883231404218057,-0.5606810738064641,-2.3666047513919546,-1.0274197803471607,-0.5780881678408768
IB,IB_Class_9,0.4434331589958795,-0.5633291572357596,-2.3666047513919546,-1.0473049490972215,-0.5844570614576861
IB,IB_Class_9,0.4358933257036708,-0.8826597274410948,1.0851214039734,-0.9768029871651883,-0.883730133383185
IB,IB_Class_9,0.5031041777367654,-0.8886879986429916,1.0851214039734,-1.0626707613131774,-0.8772756620389719
IB,IB_Class_9,0.419288649102998,-0.8715845662724675,1.0754375992846459,-1.0450452708301692,-0.8764587686174377
IB,IB_Class_9,0.48527904851375775,-0.8818604596425654,1.09150391160917,-0.9878754106737447,-0.8747010894670763
IB,IB_Class_9,0.3762134147761023,-0.5628285625738716,-2.368805616093945,-1.0515983378046208,-0.5889474417462004
IB,IB_Class_9,0.43693371154566063,-0.8789242253710797,1.0679546592978815,-1.0473049490972215,-0.8802671123049326
IB,IB_Class_9,0.4003423633422865,-0.8708899652277398,1.0765380316356408,-1.0339728473216125,-0.8786003536871745
IB,IB_Class_9,0.42408227874106225,-0.877017397463055,1.0486970931554727,-1.060411083046125,-0.880585875545993
IB,IB_Class_9,0.38843868943505633,-0.8773136090749818,1.0786288531025308,-1.0473049490972215,-0.8861057554332825
IB,IB_Class_9,0.4435302320338424,-0.8711631283128307,1.0690550916488761,-1.0274197803471607,-0.8723576078596126
IB,IB_Class_9,0.41192443649779026,-0.87278210550708,1.0808297178045205,-1.0626707613131774,-0.8786273221734672
IB,IB_Class_9,0.45811045413286433,-0.8741885003877551,1.0797292854535256,-1.0274197803471607,-0.8726767425038093
IB,IB_Class_9,0.4162378880549355,-0.8731922950314993,1.0786288531025308,-1.0647044717535246,-0.8783556193279042
