,precision,recall,f1-score,support
IB_Class_1,1.0,1.0,1.0,2.0
IB_Class_2,1.0,1.0,1.0,2.0
IB_Class_3,1.0,1.0,1.0,2.0
IB_Class_4,1.0,0.5,0.6666666666666666,2.0
IB_Class_5,0.6666666666666666,1.0,0.8,2.0
IB_Class_6,1.0,1.0,1.0,2.0
IB_Class_7,1.0,1.0,1.0,2.0
IB_Class_8,1.0,1.0,1.0,2.0
IB_Class_9,1.0,1.0,1.0,2.0
accuracy,0.9444444444444444,0.9444444444444444,0.9444444444444444,0.9444444444444444
macro avg,0.9629629629629629,0.9444444444444444,0.9407407407407408,18.0
weighted avg,0.9629629629629629,0.9444444444444444,0.9407407407407408,18.0
