Sample,Label,Samples,Mean,Median,Std,Min,Max,RMS,Peak_to_Peak,Variance,Crest_Factor
1,1,3571,0.009640632875945113,0.0098,0.017640049153208485,-0.0845,0.0711,0.02010256541778599,0.15560000000000002,0.00031117133412761144,4.203443602538291
2,1,3571,0.010269168300196023,0.0108,0.05920097163159921,-3.334,0.1002,0.060085030246336435,3.4342,0.0035047550421254143,55.488030651416445
3,1,3571,0.00842973956874825,0.0088,0.018028710119995125,-0.0874,0.075,0.01990213299593123,0.1624,0.0003250343885908146,4.391489094051777
4,1,3571,0.044780789694763366,0.0458,0.018600948794187416,-0.0495,0.1226,0.048490353903952975,0.1721,0.0003459952960439823,2.528337909078563
5,1,3571,0.012958807056846822,0.0137,0.018745691789324195,-0.0709,0.072,0.022788849049412734,0.1429,0.0003514009606603366,3.159439945557734
6,1,3571,0.017106748809857183,0.0176,0.019776043959518135,-0.0894,0.0866,0.026148284255995535,0.176,0.00039109191468879377,3.418962373391726
7,1,3571,-0.014942901148137776,-0.0125,0.05933818381210638,-3.3729,0.0594,0.06119077016055886,3.4323,0.0035210200581193237,55.12105814569461
8,1,3571,-0.0005044805376645195,0.0001,0.018757684942884642,-0.0767,0.0623,0.018764467619130674,0.139,0.0003518507444165212,4.087512715884523
9,1,3571,-0.017387118454214506,-0.0155,0.05945782511698361,-3.3797,0.0419,0.061947920512174535,3.4216,0.003535232967641807,54.55711785088561
10,1,3571,0.01728465415849902,0.0176,0.01931746785376183,-0.0845,0.0944,0.02592149366182511,0.1789,0.0003731645642811217,3.641765448841553
11,1,3571,0.013874600952114253,0.0147,0.018422126444439253,-0.0748,0.0827,0.02306250841333869,0.1575,0.00033937474273490806,3.585906550918317
12,1,3571,0.016423746849621956,0.0166,0.018505109803658666,-0.0631,0.0827,0.02474224220692076,0.14579999999999999,0.00034243908884546407,3.3424618233212358
13,1,3571,0.023403416409969197,0.0254,0.0584254588996891,-3.2922,0.1061,0.06293849495577152,3.3983,0.00341353424763926,52.30820982156489
14,1,3571,0.020850406048725845,0.0215,0.05852679269010609,-3.297,0.0837,0.062129903387880776,3.3807,0.0034253854625906554,53.066234135543844
15,1,3571,0.02196155138616634,0.0215,0.018607390297361186,-0.066,0.0857,0.028784452625776225,0.1517,0.00034623497367833116,2.977301709161438
16,1,3571,0.02457250070008401,0.0234,0.018654220988144492,-0.0748,0.0944,0.03085105753989901,0.16920000000000002,0.00034797996067453043,3.059862692807678
17,1,3571,0.024392355082609913,0.0234,0.01833391195139609,-0.0641,0.0934,0.030514247720002375,0.1575,0.0003361323274415444,3.060865234399189
18,1,3571,0.019704256510781296,0.0205,0.01787374727317359,-0.0582,0.0798,0.026603168349426866,0.138,0.0003194708415852804,2.9996427099150087
19,1,3571,0.02002982357882946,0.0205,0.019581839363880606,-0.0592,0.1109,0.028011466678341864,0.1701,0.00038344843287282406,3.959092941239902
20,1,3571,0.02034071688602632,0.0215,0.019271052777447166,-0.0621,0.0934,0.0280199614308912,0.1555,0.0003713734751511542,3.333337921622875
21,2,3571,0.0176948193783254,0.0176,0.06532991112529464,-0.9265,0.6749,0.06768385273069535,1.6014,0.004267997287638896,13.68864156841684
22,2,3571,0.017795547465695883,0.0176,0.05115701260013037,-0.3694,0.4211,0.05416383893128083,0.7905,0.0026170399381698975,7.774559711955818
23,2,3571,0.018681433772052645,0.0186,0.06191283897619423,-0.5104,0.6263,0.06466989715371245,1.1366999999999998,0.0038331996300921553,9.684567744268424
24,2,3571,0.01827336880425651,0.0186,0.054535996034253686,-0.3947,0.391,0.05751600534550803,0.7857000000000001,0.0029741748634481337,6.862437640252877
25,2,3571,0.018667656118734242,0.0186,0.0633170570665184,-0.6727,0.7741,0.06601159822737261,1.4468,0.004009049715564747,11.72672713261181
26,2,3571,0.017934808176981235,0.0176,0.05867999206128444,-0.5775,0.4999,0.06135958615128951,1.0774,0.0034433414683124053,9.411732318013092
27,2,3571,0.01864623354802576,0.0186,0.056950011381659144,-0.418,0.4017,0.059924834767386956,0.8197,0.003243303796371106,6.97540513248923
28,2,3571,0.0187232427891347,0.0186,0.058629990067591,-0.5211,0.5154,0.06154701906564366,1.0365,0.00343747573532582,8.466697622580469
29,2,3571,0.0186430971716606,0.0186,0.05873716278619303,-0.6319,0.532,0.06162482749934249,1.1639,0.003450054292171739,10.25398407819871
30,2,3571,0.019161943433211988,0.0186,0.07023898165845552,-0.6319,0.7206,0.07280586941005833,1.3525,0.004933514544416851,9.897553670315036
31,2,3571,0.018152646317558106,0.0186,0.07072607751362082,-0.7155,0.6506,0.073018467587269,1.3660999999999999,0.0050021780404627,9.798890933240424
32,2,3571,0.018432735928311395,0.0176,0.06671344087416559,-0.6232,0.5922,0.06921306919270125,1.2153999999999998,0.004450683193270787,9.004079825804324
33,2,3571,0.018116297955754687,0.0186,0.06731376917415162,-0.8799,0.7031,0.06970899348041576,1.583,0.0045311435204309644,12.622474605765204
34,2,3571,0.018877933352002236,0.0186,0.0673869747298769,-0.9557,0.7089,0.06998128843403575,1.6646,0.004541004363245068,13.65650763776436
35,2,3571,0.018671408569028283,0.0186,0.06824659344121237,-0.8098,0.6924,0.07075463952478109,1.5022,0.004657597516330131,11.44518586256631
36,2,3571,0.018369028283394005,0.0176,0.05834287823411489,-0.4744,0.5047,0.061166270449626775,0.9791000000000001,0.003403891440640757,8.251279607044925
37,2,3571,0.019045029403528424,0.0186,0.06681968450856884,-0.6086,0.5572,0.06948081305515888,1.1658,0.004464870237824675,8.759252709332136
38,2,3571,0.017606300756090734,0.0186,0.08116220920360395,-1.1365,1.0385,0.08304990083752957,2.175,0.006587304202809573,13.68454373260883
39,2,3571,0.017809297115653877,0.0186,0.05553380903600561,-0.4559,0.3355,0.0583195937040132,0.7914000000000001,0.0030840039460475386,7.817269823822997
40,2,3571,0.018315709885186222,0.0186,0.06770352274489247,-0.5551,0.7011,0.07013723847334224,1.2562,0.004583766992068172,9.996116403506162
41,3,3571,-0.011272948753850461,-0.0084,0.13866309297689983,-1.0721,0.9072,0.13912056903106496,1.9793,0.019227453353920367,7.706265201953029
42,3,3571,-0.011381601792215066,-0.0084,0.18614876366125047,-1.5439,1.2883,0.18649638889793185,2.8322000000000003,0.034651362212612086,8.278444473501123
43,3,3571,-0.012739596751610193,-0.0095,0.17401401482860002,-1.5796,1.0939,0.1744797257052001,2.6734999999999998,0.030280877356768224,9.05320084391285
44,3,3571,-0.012961523382805937,-0.0076,0.17032398043823735,-1.2152,0.9072,0.1708164494442151,2.1224,0.029010258312325062,7.114068955032681
45,3,3571,-0.0103517222066648,-0.0084,0.11788358324312231,-1.0079,0.6563,0.11833721878970328,1.6642000000000001,0.01389653919823815,8.517185128299626
46,3,3571,-0.010266844021282555,-0.0076,0.17662619852585196,-1.4641,1.1242,0.17692434002095647,2.5883000000000003,0.03119681400569367,8.275288746741003
47,3,3571,-0.011109857182861943,-0.0095,0.17797302207704987,-1.601,1.2117,0.17831944794065976,2.8127,0.03167439658723808,8.97826915958585
48,3,3571,-0.009982861943433213,-0.0056,0.15960476768613913,-1.2238,0.95,0.15991666392445814,2.1738,0.025473681868146438,7.652735931122862
49,3,3571,-0.008928479417530106,-0.0056,0.12378454707721606,-1.0274,0.6933,0.12410613135466264,1.7207000000000001,0.015322614095111521,8.278398406150954
50,3,3571,-0.010156930831699803,-0.0084,0.15408579810368833,-1.3443,1.0414,0.1544201943437792,2.3857,0.023742433177250607,8.705467608771695
51,3,3571,-0.006070232427891347,-0.0056,0.13162961790856673,-1.249,0.9091,0.13176951101254,2.1581,0.017326356310755273,9.478672193608865
52,3,3571,-0.009824390926911227,-0.0076,0.188815911145619,-1.4622,1.228,0.18907132770157156,2.6902,0.03565144830175029,7.733589316662138
53,3,3571,-0.007957826939232708,-0.0056,0.1748075072935917,-1.2704,0.9227,0.17498854709892844,2.1931,0.030557664606199117,7.259903696907598
54,3,3571,-0.007640856902828339,-0.0076,0.13896099115277374,-1.3191,0.8558,0.13917090125586873,2.1749,0.019310157062161264,9.478274467554147
55,3,3571,-0.006867124054886586,-0.0045,0.11567594129337883,-1.0662,0.6594,0.11587959607667964,1.7256,0.013380923394109224,9.200929551864126
56,3,3571,-0.008971156538784655,-0.0056,0.15575347372788825,-1.573,1.3478,0.15601162209254588,2.9208,0.024259144578303974,10.082582174979878
57,3,3571,-0.009111593391206945,-0.0076,0.15624310149770224,-1.3074,0.913,0.15650855535640207,2.2203999999999997,0.024411906765621282,8.353536948972419
58,3,3571,-0.007559703164379725,-0.0045,0.15454888524642166,-1.5641,1.3253,0.15473366486594034,2.8894,0.02388535793091161,10.108336807992755
59,3,3571,-0.007489246709605152,-0.0045,0.1796092269537104,-1.4233,1.0989,0.1797653003868844,2.5221999999999998,0.032259474406909454,7.917545805207262
60,4,3571,0.024650406048725846,0.0263,0.10160561940642131,-1.0915,0.8061,0.10455306984172964,1.8976,0.01032370189496254,10.439674336222657
61,4,3571,0.025247829739568746,0.0255,0.09429554540155353,-0.8835,0.7944,0.09761712344222552,1.6779,0.008891649882576444,9.050666203280386
62,4,3571,0.024693951274152897,0.0255,0.09363571914373944,-0.943,0.915,0.09683717844451836,1.858,0.008767647899565252,9.737995418157293
63,4,3571,0.02433290394847382,0.0263,0.09817202824998462,-0.9632,0.7119,0.10114265838547766,1.6751,0.00963774713071578,9.523182555959977
64,4,3571,0.026287762531503785,0.0255,0.08819488437306262,-0.7862,0.7341,0.09202925669856635,1.5203,0.007778337629577886,8.542935455570703
65,4,3571,0.02293052366283954,0.0235,0.11426010138324744,-1.116,0.957,0.11653831852039924,2.073,0.013055370768109982,9.576249375905075
66,4,3571,0.02436802016241949,0.0235,0.0978161203147003,-0.9994,0.6283,0.10080572305209663,1.6277,0.009567993393419924,9.914119652546987
67,4,3571,0.023031335760291236,0.0235,0.08772679702746454,-1.0596,0.5972,0.09069968767091335,1.6568,0.007695990916697962,11.682509909455897
68,4,3571,0.02392688322598712,0.0235,0.08507065009766794,-1.0701,0.8469,0.08837143910195122,1.917,0.00723701550803985,12.109115918837317
69,4,3571,0.02330058807056847,0.0235,0.09294847440125867,-1.1627,0.8586,0.09582450781483699,2.0213,0.008639418893521437,12.133639154679523
70,4,3571,0.02323998879865584,0.0235,0.09477558949102602,-0.8613,0.808,0.09758334613412849,1.6693,0.00898241236337148,8.82630114790429
71,4,3571,0.02204544945393447,0.0224,0.11109438802460313,-0.8613,0.8488,0.1132606060913814,1.7101,0.012341963050561082,7.604585828413122
72,4,3571,0.02264514141697004,0.0255,0.10382357318942062,-1.0596,0.8286,0.10626446621337518,1.8882,0.01077933434981898,9.971348257397368
73,4,3571,0.02291428171380566,0.0224,0.08703229493527406,-0.8912,0.6867,0.08999824813939535,1.5779,0.007574620361700531,9.902414973896486
74,4,3571,0.022920498459815176,0.0224,0.09238249751422183,-0.8749,0.7936,0.09518337615682475,1.6684999999999999,0.008534525846965202,9.191731112358413
75,4,3571,0.02429677961355363,0.0235,0.08720811374546936,-0.6396,0.6874,0.09052949023733822,1.327,0.00760525510304272,7.593105828806346
76,4,3571,0.023165555866704005,0.0235,0.09246127570958963,-0.8426,0.8831,0.0953190982146712,1.7257,0.00854908750584475,9.264670108514268
77,4,3571,0.023023326799215902,0.0235,0.09272582440802128,-1.0227,0.8325,0.09554136323630037,1.8552,0.008598078512147195,10.70426426165365
78,4,3571,0.02296732007840941,0.0216,0.08732562634847196,-0.8574,0.7185,0.09029541964428234,1.5759,0.007625765017152941,9.49549825869038
79,4,3571,0.023695659479137494,0.0224,0.07820780471058024,-0.829,0.5408,0.0817186942859435,1.3698,0.0061164607176482574,10.144557585553553
80,5,3571,0.023288518622234668,0.0263,0.11547120771937584,-0.7609,0.5739,0.11779624319896376,1.3348,0.013333599812171243,6.45945897200475
81,5,3571,0.017465163819658357,0.0185,0.12514607067290107,-3.3356,0.7147,0.12635889739988337,4.0503,0.015661539004866748,26.3978245191864
82,5,3571,0.02229171100532064,0.0235,0.12889858733748374,-0.8426,0.6536,0.13081194974903346,1.4962,0.016614845817598922,6.441307553450222
83,5,3571,0.023038448613833657,0.0255,0.12959592496191188,-1.1744,0.7236,0.13162778536944908,1.8980000000000001,0.0167951037667335,8.922128384244466
84,5,3571,0.023814813777653317,0.0263,0.10369040606447398,-0.9157,0.6291,0.10639006375164839,1.5448,0.010751700309815503,8.607006779670364
85,5,3571,0.020668608232987957,0.0255,0.13563401315797693,-3.3259,0.668,0.13719977001302514,3.9939,0.01839658552533826,24.241294279751735
86,5,3571,0.033532791935032204,0.0371,0.10421636051212804,-0.759,0.6563,0.10947829891513662,1.4153,0.010861049798393842,6.932880831372323
87,5,3571,0.028476533183982078,0.0301,0.13707875900413982,-3.3356,0.6719,0.14000535387010554,4.0075,0.018790586170115045,23.824803179274912
88,5,3571,0.031001260151218145,0.0333,0.10442592864878487,-0.7726,0.5007,0.10893049483558134,1.2732999999999999,0.01090477457416111,7.092596073910754
89,5,3571,0.004872948753850461,0.0068,0.1390701030859853,-1.1518,0.7535,0.13915544977435929,1.9053,0.019340493572346577,8.27707432132658
90,5,3571,0.03341795015401848,0.034,0.10671698037659573,-0.871,0.6524,0.11182697927242416,1.5234,0.011388513900698718,7.788818097984546
91,5,3571,0.027578045365443855,0.0301,0.1325931377518208,-0.8613,0.8061,0.1354307526562996,1.6674,0.017580940178873326,6.3597076964183605
92,5,3571,0.024340324838980677,0.0263,0.11311303549794091,-0.8212,0.6769,0.11570224808890076,1.4981,0.01279455879955844,7.097528471262065
93,5,3571,0.027678157378885463,0.0333,0.10869000961422327,-0.9177,0.5252,0.11215880966660755,1.4428999999999998,0.011813518189939948,8.182148176570939
94,5,3571,0.026358134976197142,0.0263,0.1251473096163981,-1.0662,0.6758,0.12789292546363162,1.742,0.015661849104222608,8.336661282356786
95,5,3571,0.0274422570708485,0.0313,0.12435997407257852,-0.9721,0.9597,0.12735179866996357,1.9318,0.015465403151332402,7.633186261618727
96,5,3571,0.029615317838140576,0.0301,0.0990715839059844,-0.6707,0.5797,0.1034033161378038,1.2504,0.009815178737640508,6.486252327789659
97,5,3571,0.0278853262391487,0.0301,0.12693911290265392,-1.0507,0.7119,0.1299658793836924,1.7626,0.01611353838451272,8.084429582460377
98,5,3571,0.02737362083450014,0.0274,0.12605771394838414,-0.8446,0.7477,0.12899559048077425,1.5923,0.015890547245892638,6.547510630806259
99,5,3571,0.02822439092691123,0.0301,0.10458626037801169,-1.0118,0.5972,0.10832775315242334,1.609,0.010938285859857257,9.340173414068135
100,6,3571,-0.029353710445253433,0.0126,0.20005636308736507,-1.5738,0.5641,0.20219838953030123,2.1379,0.04002254841174365,7.783444782403433
101,6,3571,-0.04385673480817698,0.006,0.21106128901168522,-1.3443,0.4268,0.2155696660184565,1.7711000000000001,0.044546867719274116,6.236035082435507
102,6,3571,-0.04535541865023803,0.0099,0.22935285814126288,-1.5194,0.4638,0.23379445574800234,1.9832,0.052602733537566254,6.498870963979147
103,6,3571,-0.04900075609073089,0.0029,0.21355866830359593,-1.4641,0.6991,0.2191081443147849,2.1632,0.04560730480760531,6.682088448052298
104,6,3571,-0.0378810977317278,0.0068,0.20254994322360872,-1.3852,0.5727,0.20606177972940015,1.9579,0.041026479499887115,6.722255829387873
105,6,3571,-0.0377698403808457,0.0126,0.20606574130620386,-1.2996,0.6019,0.20949856940435155,1.9015,0.04246308974007533,6.203383649325319
106,6,3571,-0.0550948193783254,0.006,0.23868268569567103,-1.5913,0.4832,0.24495890180442267,2.0745,0.05696942445089848,6.496191762283894
107,6,3571,-0.028452310277233266,0.0146,0.1951572400444428,-1.293,0.5396,0.19722039017778112,1.8325999999999998,0.03808634834176427,6.556117239370868
108,6,3571,-0.04870705684682162,0.0068,0.21759179730733771,-1.4855,0.6147,0.22297660783615184,2.1002,0.04734619025543754,6.662133819398573
109,6,3571,-0.040891683001960236,0.0107,0.21976805550357456,-1.3397,0.5007,0.22353999185504822,1.8403999999999998,0.048297998219822225,5.993111071010112
110,6,3571,-0.04493057966956035,0.0099,0.21576131510724447,-1.5575,0.456,0.22038988653350305,2.0135,0.046552945096807644,7.067021198194743
111,6,3571,-0.061434360123214786,-0.0037,0.22852747500277365,-1.5913,0.5027,0.23664105188004084,2.094,0.05222480683114334,6.724530622889003
112,6,3571,-0.06361663399607953,0.001,0.24157827757943628,-1.5388,0.5389,0.2498142116038203,2.0777,0.058360064198247165,6.1597776608497306
113,6,3571,-0.05283716045925511,0.0068,0.23203009747100023,-1.5757,0.528,0.23797002260326602,2.1037,0.05383796613240186,6.621422239501752
114,6,3571,-0.04506239148697844,0.006,0.21501204772349253,-1.4532,0.5019,0.2196834080962309,1.9551,0.04623018066624943,6.614973850749052
115,6,3571,-0.04292276673200784,0.0099,0.21483367416456092,-1.678,0.4125,0.21907960073675292,2.0905,0.04615350755504473,7.659316496638556
116,6,3571,-0.043829431531783807,0.0107,0.22464033267375771,-1.531,0.4883,0.22887616331146382,2.0193,0.05046327906377654,6.689206852513313
117,6,3571,-0.06099369924390927,-0.0037,0.22135247607321876,-1.5505,0.5513,0.22960215593761601,2.1018,0.04899691866374488,6.7529853701429445
118,6,3571,-0.040844357322878735,0.0126,0.21763073748441827,-1.5205,0.6283,0.2214303489206725,2.1488,0.047363137898011776,6.86671907175976
119,7,3571,0.02188457014841781,0.0225,0.02411959757845747,-0.1146,0.1207,0.03256822681583619,0.2353,0.0005817549873467315,3.706066058877668
120,7,3571,0.021187538504620552,0.0205,0.024186746705080215,-0.1924,0.1177,0.032154478755851215,0.3101,0.0005849987161757087,5.983614334441312
121,7,3571,0.02106690002800336,0.0205,0.029278729306479526,-0.1594,0.1353,0.036070185286355146,0.29469999999999996,0.000857243989802103,4.4191622176196255
122,7,3571,0.02085813497619714,0.0215,0.02377250618206092,-0.1419,0.1284,0.03162584140954013,0.2703,0.0005651320501761247,4.486837145689189
123,7,3571,0.021248389806776808,0.0215,0.02607252576755035,-0.1458,0.1323,0.03363436738338204,0.2781,0.0006797765998995768,4.334851859649853
124,7,3571,0.021315961915429855,0.0215,0.026424857033031147,-0.1564,0.1362,0.03395060090184254,0.29259999999999997,0.0006982730692161357,4.606693131947246
125,7,3571,0.021458415009801175,0.0215,0.027418426732966444,-0.1419,0.1566,0.034817146626969726,0.2985,0.0007517701245110488,4.49778385569069
126,7,3571,0.02098431811817418,0.0215,0.02683437319816294,-0.1603,0.2082,0.03406501419085304,0.3685,0.0007200835849382855,6.111842456120414
127,7,3571,0.020453402408288992,0.0215,0.026710256888764185,-0.103,0.1634,0.03364193057984599,0.26639999999999997,0.0007134378230637746,4.85703398062086
128,7,3571,0.02031388966676001,0.0205,0.022536861811644184,-0.1749,0.1421,0.030340801797421987,0.317,0.000507910140317146,5.764514766872805
129,7,3571,0.020151834220106413,0.0205,0.024191429196424676,-0.1137,0.1362,0.03148526113914699,0.24989999999999998,0.0005852252465656281,4.325833582833353
130,7,3571,0.019727135256230748,0.0205,0.02635920110064316,-0.1399,0.1508,0.03292365939688008,0.29069999999999996,0.0006948074826641476,4.580292797412737
131,7,3571,0.01972131055726687,0.0205,0.024091081651525376,-0.1234,0.1391,0.03113374865377808,0.2625,0.0005803802151404625,4.467820484672674
132,7,3571,0.019542901148137774,0.0205,0.023796155390182507,-0.1419,0.1265,0.03079256398287737,0.26839999999999997,0.0005662570113537119,4.608255424228572
133,7,3571,0.019769028283394007,0.0205,0.025258510073787363,-0.1166,0.145,0.03207501847882944,0.2616,0.0006379923311476178,4.520652111103373
134,7,3571,0.01988062167460095,0.0186,0.024662335043907444,-0.1107,0.145,0.03167759283762828,0.2557,0.0006082307698179453,4.577368007197868
135,7,3571,0.019821534584150098,0.0205,0.022528065162453027,-0.0796,0.1284,0.03000678178736247,0.208,0.0005075137199637297,4.279032683674075
136,7,3571,0.019427471296555584,0.0186,0.02384962173186897,-0.1166,0.1722,0.03076086958672865,0.2888,0.0005688044567532366,5.5980211974986975
137,7,3571,0.019438700644077288,0.0186,0.024691976706726397,-0.1671,0.1634,0.03142541640799004,0.3305,0.000609693713685519,5.317351974929253
138,7,3571,0.01894371324558947,0.0186,0.025618561502642523,-0.1088,0.143,0.031861810447553034,0.25179999999999997,0.0006563106934646775,4.488131653265243
139,8,3571,-0.0466163819658359,0.0138,0.27230236331789637,-1.7908,0.8636,0.27626375827476235,2.6544,0.07414857706851163,6.482211098492812
140,8,3571,-0.0959543825259031,-0.0115,0.31522302404215674,-2.163,0.7555,0.3295038670671552,2.9185,0.09936555488628214,6.564414612952525
141,8,3571,-0.09574808176981238,-0.0142,0.3343228145821682,-1.8791,1.0919,0.3477634821437431,2.971,0.11177174435014285,5.403385048989419
142,8,3571,-0.08154234108092971,-0.0045,0.3084407000888575,-1.7002,0.8267,0.31903733145239166,2.5269,0.09513566547130455,5.329156911700511
143,8,3571,-0.07527205264631755,0.0029,0.30390303832677235,-1.8025,0.7769,0.31308615206334767,2.5794,0.09235705670424367,5.757201294662482
144,8,3571,-0.07386068328199384,-0.0018,0.2941531385742011,-1.6633,0.6155,0.3032844695462268,2.2788,0.08652606893305315,5.484290054445003
145,8,3571,-0.09401254550546065,-0.0056,0.3402430144171844,-1.8005,1.3992,0.35299244690518333,3.1997,0.11576530885969236,5.100675710728816
146,8,3571,-0.09945600672080651,-0.0115,0.318905145415116,-1.8091,0.598,0.334053871471482,2.4071,0.10170049177223629,5.415593574865788
147,8,3571,-0.08779047885746291,-0.0056,0.3029691421710991,-1.7858,0.6096,0.3154321944347379,2.3954,0.09179030110789167,5.661438596019651
148,8,3571,-0.08503111173340802,-0.0045,0.3147176260260489,-1.8297,0.9239,0.3260022608726683,2.7536,0.09904718413147197,5.612537763088256
149,8,3571,-0.08347138056566789,-0.0006,0.3260048325947505,-1.9717,1.2681,0.33652135481818957,3.2398,0.10627915087513128,5.859063538672721
150,8,3571,-0.08342243069168301,-0.0018,0.31427624346900535,-1.7702,1.3187,0.32515974405128656,3.0888999999999998,0.09876955720898953,5.4440933491471535
151,8,3571,-0.10628493419210305,-0.0154,0.3470930547984091,-2.032,1.3323,0.3630014819880369,3.3643,0.1204735886892914,5.59777328971612
152,8,3571,-0.08644872584710164,-0.0018,0.32730412754425453,-1.8628,1.3194,0.33852824713470064,3.1822,0.10712799190750563,5.502642735921503
153,8,3571,-0.11707821338560628,-0.02,0.3404391095321985,-1.8849,1.2253,0.36000846566246447,3.1102,0.11589878729907628,5.235710211790514
154,8,3571,-0.09587028843461215,-0.0056,0.34338440304521606,-1.8647,1.2098,0.356516423828209,3.0745,0.11791284825471937,5.230334075432453
155,8,3571,-0.07859003080369643,0.0068,0.3360814635784699,-2.0261,1.2214,0.3451480017366062,3.2475,0.11295075016104639,5.870235347751437
156,8,3571,-0.08754612153458416,0.001,0.33549010846790234,-1.6703,0.9161,0.346724582739028,2.5864,0.11255361287980489,4.817368260436261
157,8,3571,-0.09398034164099692,-0.0006,0.34681388543213015,-1.9433,0.9006,0.3593218275355523,2.8439,0.12027987112853071,5.408243672053918
158,8,3571,-0.13904365723886866,-0.0329,0.374675317297899,-2.1027,1.09,0.3996432559303876,3.1927000000000003,0.1403815933922813,5.261442470997839
159,9,3571,-0.02040378045365444,-0.0155,0.06152361251989016,-3.2873,0.0536,0.06481874076452361,3.3409,0.0037851548974975847,50.71527094212227
160,9,3571,0.017860151218146176,0.0215,0.06099240143353146,-3.2232,0.1002,0.0635535839600262,3.3234,0.003720073032629051,50.71625861457824
161,9,3571,0.01657905348641837,0.0186,0.06087831717809315,-3.2163,0.1343,0.06309543974759216,3.3506,0.003706169502436512,50.97515783813425
162,9,3571,0.024072892747129655,0.0263,0.02894960557321221,-0.0874,0.1353,0.03765081444085064,0.2227,0.0008380796628445596,3.5935477627597154
163,9,3571,0.017935508260991318,0.0225,0.0608841384394353,-3.2183,0.0954,0.0634709442980992,3.3137000000000003,0.003706878313512323,50.70509089773193
164,9,3571,0.015847045645477457,0.0205,0.06116221820213101,-3.2163,0.1022,0.06318184700604226,3.3185,0.0037408169354050855,50.90544440228877
165,9,3571,0.014150630075609074,0.0186,0.0608862257460694,-3.2163,0.0934,0.06250898189170942,3.3097,0.003707132485601325,51.45340561732263
166,9,3571,0.01386569588350602,0.0147,0.027604484169684407,-0.0796,0.1246,0.03089118108147102,0.2042,0.0007620075462743571,4.033513631977539
167,9,3571,0.016405628675441052,0.0205,0.02697619679912393,-0.0796,0.0866,0.03157308736854091,0.16620000000000001,0.0007277151937450641,2.7428423134282176
168,9,3571,0.013238196583590031,0.0166,0.02875877594855815,-0.0884,0.0944,0.03165939106876728,0.18280000000000002,0.0008270671940593667,2.981737702881082
169,9,3571,0.015732007840940913,0.0176,0.02768778663679204,-0.0738,0.1197,0.031845087526209535,0.1935,0.0007666135288445199,3.758821510585676
170,9,3571,0.011610361243349201,0.0166,0.06093839946110321,-3.2183,0.0915,0.062034579204521496,3.3098,0.003713488528880984,51.879130015367764
171,9,3571,0.013905012601512182,0.0176,0.027993811174838845,-0.0952,0.0934,0.03125704463862099,0.1886,0.0007836534640925322,3.0457134095899634
172,9,3571,0.012522206664799775,0.0147,0.028831169682908272,-0.0874,0.0993,0.03143313546308425,0.1867,0.000831236345284649,3.159086694250405
173,9,3571,0.013419350322038644,0.0176,0.028192547404898877,-0.1127,0.0876,0.031223367727442043,0.20029999999999998,0.0007948197291774705,3.6094761136528075
174,9,3571,0.01207236068328199,0.0166,0.028161675201483695,-0.0855,0.0934,0.030640199781024835,0.1789,0.0007930799501538617,3.0482829964392617
175,9,3571,0.014154298515821898,0.0166,0.028802699677044533,-0.0942,0.1022,0.032092673231767704,0.19640000000000002,0.0008295955086860212,3.1845274858198747
176,9,3571,0.012959899187902546,0.0147,0.028633964248543524,-0.0835,0.0866,0.0314302862784841,0.1701,0.0008199039085868687,2.755304206671603
177,9,3571,0.014705292635116213,0.0176,0.02848738488740414,-0.0845,0.1022,0.032058957082342916,0.1867,0.0008115310977231017,3.1878766279732975
178,9,3571,0.013122906748809856,0.0147,0.02859121287105949,-0.0855,0.0857,0.03145899132165869,0.17120000000000002,0.0008174574534382379,2.7241814311127577
