Sample,Label,Mean,Std,Min,Max,RMS,Dominant_Frequency_Hz,Max_FFT_Magnitude,Spectral_Energy,Spectral_Centroid_Hz
1,1,0.0096406328759451,0.0176400491532084,-0.0845,0.0711,0.0201025654177859,254.92859143097172,12.859987864009515,1984.0348054100002,3010.230605403634
2,1,0.010269168300196,0.0592009716315992,-3.334,0.1002,0.0600850302463364,219.93839260711286,15.241359215818324,22346.389996070004,4364.605432307293
3,1,0.0084297395687482,0.0180287101199951,-0.0874,0.075,0.0199021329959312,239.93279193503218,8.786439057896919,2072.42592486,3004.196815129071
4,1,0.0447807896947633,0.0186009487941874,-0.0495,0.1226,0.0484903539039529,254.92859143097172,10.341967695972523,2206.07310048,2928.793969387151
5,1,0.0129588070568468,0.0187456917893241,-0.0709,0.072,0.0227888490494127,219.93839260711286,8.958029271054961,2240.5397288900003,2920.3591689669497
6,1,0.0171067488098571,0.0197760439595181,-0.0894,0.0866,0.0261482842559955,219.93839260711286,18.975132546279287,2493.61006544,2892.255832672025
7,1,-0.0149429011481377,0.0593381838121063,-3.3729,0.0594,0.0611907701605588,219.93839260711286,14.685101327332413,22450.096071480002,4369.511977116885
8,1,-0.0005044805376645,0.0187576849428846,-0.0767,0.0623,0.0187644676191306,284.92019042285074,11.287306309602481,2243.40755934,2895.9377892309967
9,1,-0.0173871184542145,0.0594578251169836,-3.3797,0.0419,0.0619479205121745,284.92019042285074,10.915181673491379,22540.71787396,4363.3417895298035
10,1,0.017284654158499,0.0193174678537618,-0.0845,0.0944,0.0259214936618251,254.92859143097172,13.220622791116181,2379.3049117299997,2873.96189450723
11,1,0.0138746009521142,0.0184221264444392,-0.0748,0.0827,0.0230625084133386,219.93839260711286,11.484410017693358,2163.86031686,2955.4441887556586
12,1,0.0164237468496219,0.0185051098036586,-0.0631,0.0827,0.0247422422069207,259.92719126295157,10.317164093913224,2183.3986504800005,2945.6895842748663
13,1,0.0234034164099691,0.0584254588996891,-3.2922,0.1061,0.0629384949557715,224.93699243909268,14.750756225732218,21764.764340400005,4380.022392330555
14,1,0.0208504060487258,0.058526792690106,-3.297,0.0837,0.0621299033878807,379.89358723046763,12.038653497746486,21840.327929880004,4367.513366007653
15,1,0.0219615513861663,0.0186073902973611,-0.066,0.0857,0.0287844526257762,379.89358723046763,10.707689053843723,2207.60128999,2920.9726820363967
16,1,0.024572500700084,0.0186542209881444,-0.0748,0.0944,0.030851057539899,219.93839260711286,8.94203962934962,2218.7273628499997,2901.8757515469824
17,1,0.0243923550826099,0.018333911951396,-0.0641,0.0934,0.0305142477200023,284.92019042285074,8.481514489001881,2143.18661048,2945.2415548804343
18,1,0.0197042565107812,0.0178737472731735,-0.0582,0.0798,0.0266031683494268,239.93279193503218,9.99743524552304,2036.9526351000002,2974.8591840482595
19,1,0.0200298235788294,0.0195818393638806,-0.0592,0.1109,0.0280114666783418,264.9257910949314,10.796289379036232,2444.8750686900003,2928.599540601528
20,1,0.0203407168860263,0.0192710527774471,-0.0621,0.0934,0.0280199614308912,219.93839260711286,14.87274734226849,2367.88489072,2915.6706654412706
21,2,0.0176948193783254,0.0653299111252946,-0.9265,0.6749,0.0676838527306953,1959.4511341360962,23.935124430221922,27212.838199929996,3202.3962693081116
22,2,0.0177955474656958,0.0511570126001303,-0.3694,0.4211,0.0541638389312808,674.8109773172781,15.376036335207052,16686.30029509,3210.7227913252564
23,2,0.0186814337720526,0.0619128389761942,-0.5104,0.6263,0.0646698971537124,1404.6065527863343,20.986488748512603,24440.559422060003,3156.649055941557
24,2,0.0182733688042565,0.0545359960342536,-0.3947,0.391,0.057516005345508,1469.5883506020723,19.499711927694324,18963.39989993,3175.571268213395
25,2,0.0186676561187342,0.0633170570665184,-0.6727,0.7741,0.0660115982273726,1319.6303556426772,19.98263338041248,25561.78317196,3192.6843423033683
26,2,0.0179348081769812,0.0586799920612844,-0.5775,0.4999,0.0613595861512895,1469.5883506020723,19.21839932256133,21954.815790460005,3204.5678578120055
27,2,0.0186462335480257,0.0569500113816591,-0.418,0.4017,0.0599248347673869,224.93699243909268,20.775230856394458,20679.37149339,3179.630973619036
28,2,0.0187232427891347,0.058629990067591,-0.5211,0.5154,0.0615470190656436,1219.6583590030802,21.11895479863733,21917.41575669,3205.5967438290427
29,2,0.0186430971716606,0.058737162786193,-0.6319,0.532,0.0616248274993424,1469.5883506020723,20.79021826827834,21997.616893,3230.564075304355
30,2,0.0191619434332119,0.0702389816584555,-0.6319,0.7206,0.0728058694100583,1319.6303556426772,29.77873795917773,31456.18987225,3267.6633732648434
31,2,0.0181526463175581,0.0707260775136208,-0.7155,0.6506,0.073018467587269,1989.4427331279753,21.9591395908827,31893.989730639998,3110.0329350738934
32,2,0.0184327359283113,0.0667134408741655,-0.6232,0.5922,0.0692130691927012,1319.6303556426772,22.64265624668513,28377.6472793,3167.719884806382
33,2,0.0181162979557546,0.0673137691741516,-0.8799,0.7031,0.0697089934804157,1469.5883506020723,22.08645025210903,28890.66397471,3087.9453047490424
34,2,0.0188779333520022,0.0673869747298769,-0.9557,0.7089,0.0699812884340357,2139.40072808737,24.797482095787153,28953.53691064,3179.0882598223816
35,2,0.0186714085690282,0.0682465934412123,-0.8098,0.6924,0.070754639524781,1314.6317558106973,23.85074798867542,29696.93724487,3140.810623571005
36,2,0.018369028283394,0.0583428782341148,-0.4744,0.5047,0.0611662704496267,674.8109773172781,20.470437010603845,21703.2816053,3176.5932959137713
37,2,0.0190450294035284,0.0668196845085688,-0.6086,0.5572,0.0694808130551588,1219.6583590030802,22.52645216383694,28468.104166210003,3156.8981604256537
38,2,0.0176063007560907,0.0811622092036039,-1.1365,1.0385,0.0830499008375295,1319.6303556426772,31.62197730393881,42000.78663685,3169.807178653615
39,2,0.0178092971156538,0.0555338090360056,-0.4559,0.3355,0.0583195937040132,674.8109773172781,17.200859876543433,19663.672382080003,3354.34235534255
40,2,0.0183157098851862,0.0677035227448924,-0.5551,0.7011,0.0701372384733422,2189.3867264071687,22.441074505971155,29226.19230865,3168.1764780088542
41,3,-0.0112729487538504,0.1386630929768998,-1.0721,0.9072,0.1391205690310649,1469.5883506020723,117.21345973625994,122594.63674738999,3192.660342941438
42,3,-0.011381601792215,0.1861487636612504,-1.5439,1.2883,0.1864963888979318,1469.5883506020723,153.49980014563891,220937.79582054002,3135.322192222452
43,3,-0.0127395967516101,0.1740140148286,-1.5796,1.0939,0.1744797257052001,1469.5883506020723,139.66863288055757,193071.49478474,3165.4644301359663
44,3,-0.0129615233828059,0.1703239804382373,-1.2152,0.9072,0.1708164494442151,1504.578549425931,160.3126235836171,184970.00170968,3083.825435972431
45,3,-0.0103517222066648,0.1178835832431223,-1.0079,0.6563,0.1183372187897032,1534.57014841781,90.12251647464574,88604.61880702,3285.4928077888576
46,3,-0.0102668440212825,0.1766261985258519,-1.4641,1.1242,0.1769243400209564,1504.578549425931,137.7083457585176,198911.52563499002,3155.1006952227963
47,3,-0.0111098571828619,0.1779730220770498,-1.601,1.2117,0.1783194479406597,1469.5883506020723,138.90009251480353,201956.60196536,3159.570845623909
48,3,-0.0099828619434332,0.1596047676861391,-1.2238,0.95,0.1599166639244581,1504.578549425931,146.1027319194566,162420.71780178,3223.6851399888956
49,3,-0.0089284794175301,0.123784547077216,-1.0274,0.6933,0.1241061313546626,1504.578549425931,107.52615737297576,97697.30158402,3251.8983157796815
50,3,-0.0101569308316998,0.1540857981036883,-1.3443,1.0414,0.1544201943437792,1504.578549425931,130.03620241359434,151382.24065803003,3219.6010986386054
51,3,-0.0060702324278913,0.1316296179085667,-1.249,0.9091,0.13176951101254,1504.578549425931,95.44957369195751,110473.20302767998,3237.2664823565765
52,3,-0.0098243909269112,0.188815911145619,-1.4622,1.228,0.1890713277015715,1469.5883506020723,161.49912520126696,227314.36522665006,3174.002531619741
53,3,-0.0079578269392327,0.1748075072935917,-1.2704,0.9227,0.1749885470989284,1504.578549425931,164.4543922833244,194836.29596124997,3193.887723103395
54,3,-0.0076408569028283,0.1389609911527737,-1.3191,0.8558,0.1391709012558687,1504.578549425931,120.97769997802925,123121.95728656,3189.534253010851
55,3,-0.0068671240548865,0.1156759412933788,-1.0662,0.6594,0.1158795960766796,1504.578549425931,107.27031195318447,85317.04186977002,3262.5066524748927
56,3,-0.0089711565387846,0.1557534737278882,-1.573,1.3478,0.1560116220925458,1504.578549425931,117.46118555059385,154676.80314373,3203.128045588284
57,3,-0.0091115933912069,0.1562431014977022,-1.3074,0.913,0.156508555356402,1504.578549425931,131.62984706766835,155650.81798169,3168.1430321747416
58,3,-0.0075597031643797,0.1545488852464216,-1.5641,1.3253,0.1547336648659403,1504.578549425931,124.54579988677267,152293.53181733,3195.7365211679053
59,3,-0.0074892467096051,0.1796092269537104,-1.4233,1.0989,0.1797653003868844,1504.578549425931,146.09480063149087,205687.07013768007,3161.050524881332
60,4,0.0246504060487258,0.1016056194064213,-1.0915,0.8061,0.1045530698417296,1569.560347241669,51.86682173044927,65824.13491817,2959.7281030240224
61,4,0.0252478297395687,0.0942955454015535,-0.8835,0.7944,0.0976171234422255,1504.578549425931,49.982411309509196,56693.34193013,2955.1356227089404
62,4,0.0246939512741528,0.0936357191437394,-0.943,0.915,0.0968371784445183,1504.578549425931,47.01798525302819,55902.70274441001,2930.327118398491
63,4,0.0243329039484738,0.0981720282499846,-0.9632,0.7119,0.1011426583854776,1504.578549425931,41.68893188962504,61450.47327926,2909.90136101028
64,4,0.0262877625315037,0.0881948843730626,-0.7862,0.7341,0.0920292566985663,1474.5869504340521,34.18441676615546,49594.84018211,2908.4015224048762
65,4,0.0229305236628395,0.1142601013832474,-1.116,0.957,0.1165383185203992,1539.56874824979,63.28902168581578,83241.31165257,3033.6495668286043
66,4,0.0243680201624194,0.0978161203147003,-0.9994,0.6283,0.1008057230520966,1569.560347241669,52.28036836909876,61005.72202031001,2973.338667069058
67,4,0.0230313357602912,0.0877267970274645,-1.0596,0.5972,0.0906996876709133,1539.56874824979,45.86055222681748,49069.79585268001,3004.865271205971
68,4,0.0239268832259871,0.0850706500976679,-1.0701,0.8469,0.0883714391019512,1539.56874824979,41.48100270329453,46143.359238080004,2955.3113110706204
69,4,0.0233005880705684,0.0929484744012586,-1.1627,0.8586,0.0958245078148369,1504.578549425931,43.891716184149175,55085.111973180006,2862.492116664235
70,4,0.0232399887986558,0.094775589491026,-0.8613,0.808,0.0975833461341284,1539.56874824979,46.3355758480009,57272.045368310006,2940.7625083551316
71,4,0.0220454494539344,0.1110943880246031,-0.8613,0.8488,0.1132606060913814,1539.56874824979,45.107256029123484,78692.60942062,2902.6238172563044
72,4,0.02264514141697,0.1038235731894206,-1.0596,0.8286,0.1062644662133751,1539.56874824979,47.021057674723444,68729.25679080002,2930.0019972371874
73,4,0.0229142817138056,0.087032294935274,-0.8912,0.6867,0.0899982481393953,1539.56874824979,41.284442083361604,48295.93470592,2979.39350437802
74,4,0.0229204984598151,0.0923824975142218,-0.8749,0.7936,0.0951833761568247,1539.56874824979,36.82112557249097,54416.31175803,2937.5430708810954
75,4,0.0242967796135536,0.0872081137454693,-0.6396,0.6874,0.0905294902373382,1539.56874824979,45.63112201637925,48491.26244473001,2982.828583592821
76,4,0.023165555866704,0.0924612757095896,-0.8426,0.8831,0.0953190982146712,1539.56874824979,50.99668697257481,54509.15719356,2925.3580538195174
77,4,0.0230233267992159,0.0927258244080212,-1.0227,0.8325,0.0955413632363003,1534.57014841781,40.09793166560413,54821.52485406,2944.517408149261
78,4,0.0229673200784094,0.0873256263484719,-0.8574,0.7185,0.0902954196442823,1504.578549425931,34.11499232928682,48622.03407754999,3018.596518497847
79,4,0.0236956594791374,0.0782078047105802,-0.829,0.5408,0.0817186942859435,1539.56874824979,39.29229644205841,38998.678923169995,2942.355505231903
80,5,0.0232885186222346,0.1154712077193758,-0.7609,0.5739,0.1177962431989637,2319.3503220386447,60.067263039442295,85015.3057412,3137.6842773533576
81,5,0.0174651638196583,0.125146070672901,-3.3356,0.7147,0.1263588973998833,1499.5799495939511,54.02644003007935,99858.29375658001,3681.6039428537883
82,5,0.0222917110053206,0.1288985873374837,-0.8426,0.6536,0.1308119497490334,1529.5715485858302,81.10002247904671,105936.59753735,3173.750793735223
83,5,0.0230384486138336,0.1295959249619118,-1.1744,0.7236,0.131627785369449,1524.5729487538504,65.55450664009325,107085.92591632,3184.957945386952
84,5,0.0238148137776533,0.1036904060644739,-0.9157,0.6291,0.1063900637516483,1494.5813497619713,68.52213725164523,68553.06158524001,3192.42469097636
85,5,0.0206686082329879,0.1356340131579769,-3.3259,0.668,0.1371997700130251,1489.5827499299917,60.08044227835537,117297.00643956,3632.6411728546773
86,5,0.0335327919350322,0.104216360512128,-0.759,0.6563,0.1094782989151366,1499.5799495939511,48.77427606104542,69250.27616608,3184.405104869778
87,5,0.028476533183982,0.1370787590041398,-3.3356,0.6719,0.1400053538701055,1529.5715485858302,83.61225778705052,119809.16262767001,3612.7196187745662
88,5,0.0310012601512181,0.1044259286487848,-0.7726,0.5007,0.1089304948355813,1529.5715485858302,45.044789367859885,69529.06623273001,3220.291522174417
89,5,0.0048729487538504,0.1390701030859853,-1.1518,0.7535,0.1391554497743592,1499.5799495939511,108.82352406580867,123315.3834974,3185.8490871365448
90,5,0.0334179501540184,0.1067169803765957,-0.871,0.6524,0.1118269792724241,2284.3601232147857,44.57263648930381,72613.39809539,3227.296911893775
91,5,0.0275780453654438,0.1325931377518208,-0.8613,0.8061,0.1354307526562996,1489.5827499299917,101.53356669610311,112096.43498977,3127.133864213136
92,5,0.0243403248389806,0.1131130354979409,-0.8212,0.6769,0.1157022480889007,2279.361523382806,46.88557645476767,81578.36919444,3129.8313456422025
93,5,0.0276781573788854,0.1086900096142232,-0.9177,0.5252,0.1121588096666075,1494.5813497619713,54.174644562998324,75323.23415618,3140.6538698059144
94,5,0.0263581349761971,0.1251473096163981,-1.0662,0.6758,0.1278929254636316,1464.5897507700925,83.8746873940156,99860.27095643,3108.0555487683096
95,5,0.0274422570708485,0.1243599740725785,-0.9721,0.9597,0.1273517986699635,1534.57014841781,64.04672758852567,98607.72753366,3243.520747285269
96,5,0.0296153178381405,0.0990715839059844,-0.6707,0.5797,0.1034033161378038,1499.5799495939511,42.053250287411025,62581.78084236,3185.1759552292974
97,5,0.0278853262391487,0.1269391129026539,-1.0507,0.7119,0.1299658793836924,1469.5883506020723,97.21139936648501,102740.25106719001,3156.3187189910227
98,5,0.0273736208345001,0.1260577139483841,-0.8446,0.7477,0.1289955904807742,1534.57014841781,75.53511276816032,101318.45499602999,3162.173069265819
99,5,0.0282243909269112,0.1045862603780116,-1.0118,0.5972,0.1083277531524233,1504.578549425931,50.3149987877719,69742.73487731,3243.1204846386777
100,6,-0.0293537104452534,0.200056363087365,-1.5738,0.5641,0.2021983895303012,134.9621954634556,155.53389406579575,255184.58913552001,3114.9042383692354
101,6,-0.0438567348081769,0.2110612890116852,-1.3443,0.4268,0.2155696660184565,134.9621954634556,171.72892748211345,284031.74178888,3208.6918971317373
102,6,-0.045355418650238,0.2293528581412628,-1.5194,0.4638,0.2337944557480023,134.9621954634556,202.03736408690762,335396.10739156004,3022.169190306561
103,6,-0.0490007560907308,0.2135586683035959,-1.4641,0.6991,0.2191081443147849,134.9621954634556,188.97981216251995,290793.11040304,3111.093328370686
104,6,-0.0378810977317278,0.2025499432236087,-1.3852,0.5727,0.2060617797294001,134.9621954634556,172.9341614638444,261585.67433411,3173.624814299324
105,6,-0.0377698403808457,0.2060657413062038,-1.2996,0.6019,0.2094985694043515,134.9621954634556,190.16423863698893,270745.53067606,3239.0896914993027
106,6,-0.0550948193783254,0.238682685695671,-1.5913,0.4832,0.2449589018044226,134.9621954634556,209.04337285074243,363238.21817213,3021.9371953197738
107,6,-0.0284523102772332,0.1951572400444428,-1.293,0.5396,0.1972203901777811,134.9621954634556,160.66862275194012,242839.33779723002,3120.2283923742034
108,6,-0.0487070568468216,0.2175917973073377,-1.4855,0.6147,0.2229766078361518,134.9621954634556,214.3205852542896,301880.27966557,3209.8462178298682
109,6,-0.0408916830019602,0.2197680555035745,-1.3397,0.5007,0.2235399918550482,134.9621954634556,178.86300086466474,307949.02675854997,3089.7809107871267
110,6,-0.0449305796695603,0.2157613151072444,-1.5575,0.456,0.220389886533503,134.9621954634556,208.60138924700271,296822.53227262,3091.810793041267
111,6,-0.0614343601232147,0.2285274750027736,-1.5913,0.5027,0.2366410518800408,134.9621954634556,217.79109254231986,332986.43896391,2996.396893314179
112,6,-0.0636166339960795,0.2415782775794362,-1.5388,0.5389,0.2498142116038203,134.9621954634556,236.3507302974675,372104.96570934,2991.577813855708
113,6,-0.0528371604592551,0.2320300974710002,-1.5757,0.528,0.237970022603266,134.9621954634556,231.44011800137946,343271.9757385,3065.2856405482926
114,6,-0.0450623914869784,0.2150120477234925,-1.4532,0.5019,0.2196834080962309,134.9621954634556,190.33841304198785,294764.5796467101,3028.4258819316437
115,6,-0.0429227667320078,0.2148336741645609,-1.678,0.4125,0.2190796007367529,134.9621954634556,199.71440610248956,294275.7103178701,3046.5241777133824
116,6,-0.0438294315317838,0.2246403326737577,-1.531,0.4883,0.2288761633114638,134.9621954634556,209.64039405023215,321754.90180786,3078.873273964589
117,6,-0.0609936992439092,0.2213524760732187,-1.5505,0.5513,0.229602155937616,134.9621954634556,219.88888994033525,312405.35783686995,3163.109699773278
118,6,-0.0408443573228787,0.2176307374844182,-1.5205,0.6283,0.2214303489206725,134.9621954634556,171.61104184468354,301988.33818205,2944.924463785827
119,7,0.0218845701484178,0.0241195975784574,-0.1146,0.1207,0.0325682268158361,219.93839260711286,11.972550594034939,3709.2817253,3027.463450508289
120,7,0.0211875385046205,0.0241867467050802,-0.1924,0.1177,0.0321544787558512,189.94679361523382,11.132831914326248,3729.9638068100003,3057.216521954056
121,7,0.0210669000280033,0.0292787293064795,-0.1594,0.1353,0.0360701852863551,189.94679361523382,15.85152297647223,5465.8052524800005,2905.075194414424
122,7,0.0208581349761971,0.0237725061820609,-0.1419,0.1284,0.0316258414095401,224.93699243909268,9.445485252444104,3603.29353713,3071.9367244717973
123,7,0.0212483898067768,0.0260725257675503,-0.1458,0.1323,0.033634367383382,224.93699243909268,14.28224858648888,4334.26953638,2981.175053985835
124,7,0.0213159619154298,0.0264248570330311,-0.1564,0.1362,0.0339506009018425,224.93699243909268,15.383347156516704,4452.20340392,2950.8666078989913
125,7,0.0214584150098011,0.0274184267329664,-0.1419,0.1566,0.0348171466269697,219.93839260711286,20.18739031017213,4793.30172517,2945.1013014309683
126,7,0.0209843181181741,0.0268343731981629,-0.1603,0.2082,0.034065014190853,189.94679361523382,10.613866017936484,4591.26769928,3078.988102362531
127,7,0.0204534024082889,0.0267102568887641,-0.103,0.1634,0.0336419305798459,219.93839260711286,13.420389772704368,4548.89418533,2978.6930910251663
128,7,0.02031388966676,0.0225368618116441,-0.1749,0.1421,0.0303408017974219,239.93279193503218,11.747485938877174,3238.44546682,3096.0406533217592
129,7,0.0201518342201064,0.0241914291964246,-0.1137,0.1362,0.0314852611391469,219.93839260711286,9.362595079656305,3731.40816922,3023.4330951995776
130,7,0.0197271352562307,0.0263592011006431,-0.1399,0.1508,0.03292365939688,214.93979277513301,13.20751873051187,4430.106753020001,2981.909301492953
131,7,0.0197213105572668,0.0240910816515253,-0.1234,0.1391,0.031133748653778,269.9243909269112,9.701950391125806,3700.5161495300003,3090.1064106341505
132,7,0.0195429011481377,0.0237961553901825,-0.1419,0.1265,0.0307925639828773,224.93699243909268,10.783074690486858,3610.4663126600003,3103.8189732007468
133,7,0.019769028283394,0.0252585100737873,-0.1166,0.145,0.0320750184788294,219.93839260711286,12.990790579572526,4067.85218224,3057.449530614206
134,7,0.0198806216746009,0.0246623350439074,-0.1107,0.145,0.0316775928376282,219.93839260711286,12.17765634596405,3878.0918570899994,3038.871210730252
135,7,0.01982153458415,0.022528065162453,-0.0796,0.1284,0.0300067817873624,224.93699243909268,9.382934279430001,3235.9178825200006,3029.8095806822016
136,7,0.0194274712965555,0.0238496217318689,-0.1166,0.1722,0.0307608695867286,224.93699243909268,11.476689914826977,3626.7088767500004,3071.02729262597
137,7,0.0194387006440772,0.0246919767067263,-0.1671,0.1634,0.03142541640799,269.9243909269112,10.73618040362289,3887.41961718,3036.547043718072
138,7,0.0189437132455894,0.0256185615026425,-0.1088,0.143,0.031861810447553,269.9243909269112,13.316560521503193,4184.650435900001,2988.934209221598
139,8,-0.0466163819658359,0.2723023633178963,-1.7908,0.8636,0.2762637582747623,134.9621954634556,264.0097424127784,472772.84743465995,3127.6984507478082
140,8,-0.0959543825259031,0.3152230240421567,-2.163,0.7555,0.3295038670671552,134.9621954634556,343.7179886313206,633556.81494881,2976.7895212593667
141,8,-0.0957480817698123,0.3343228145821682,-1.8791,1.0919,0.3477634821437431,134.9621954634556,334.5318086411454,712658.9332972701,2935.9405557187442
142,8,-0.0815423410809297,0.3084407000888575,-1.7002,0.8267,0.3190373314523916,134.9621954634556,313.8805630414404,606586.9533261801,3024.17280159785
143,8,-0.0752720526463175,0.3039030383267723,-1.8025,0.7769,0.3130861520633476,134.9621954634556,324.5023469412764,588870.48686592,3072.3806259913003
144,8,-0.0738606832819938,0.2941531385742011,-1.6633,0.6155,0.3032844695462268,134.9621954634556,287.5522790686373,551691.98930156,2966.6894379190844
145,8,-0.0940125455054606,0.3402430144171844,-1.8005,1.3992,0.3529924469051833,134.9621954634556,333.75228199930234,738121.9824782301,2915.36893903692
146,8,-0.0994560067208065,0.318905145415116,-1.8091,0.598,0.334053871471482,134.9621954634556,375.6794804095383,648444.4203998599,3112.7742976524164
147,8,-0.0877904788574629,0.3029691421710991,-1.7858,0.6096,0.3154321944347379,134.9621954634556,350.7661010709233,585256.8415650901,3041.7871667449976
148,8,-0.085031111733408,0.3147176260260489,-1.8297,0.9239,0.3260022608726683,134.9621954634556,328.22093194687835,631526.8764895401,3059.739070639696
149,8,-0.0834713805656678,0.3260048325947505,-1.9717,1.2681,0.3365213548181895,134.9621954634556,350.26603756589464,677638.04470243,3010.355589585123
150,8,-0.083422430691683,0.3142762434690053,-1.7702,1.3187,0.3251597440512865,134.9621954634556,333.31928539323144,629756.72154044,3041.201318085813
151,8,-0.106284934192103,0.3470930547984091,-2.032,1.3323,0.3630014819880369,134.9621954634556,368.7866431035764,768142.0711914899,2910.0297647013863
152,8,-0.0864487258471016,0.3273041275442545,-1.8628,1.3194,0.3385282471347006,134.9621954634556,341.5312764658671,683050.27252609,2949.5644935390683
153,8,-0.1170782133856062,0.3404391095321985,-1.8849,1.2253,0.3600084656624644,134.9621954634556,388.1589006443291,738973.04374405,2902.1347993710397
154,8,-0.0958702884346121,0.343384403045216,-1.8647,1.2098,0.356516423828209,134.9621954634556,363.637018542301,751814.7376854802,2864.472932713279
155,8,-0.0785900308036964,0.3360814635784699,-2.0261,1.2214,0.3451480017366062,134.9621954634556,367.2718809467658,720176.29851721,3038.5775789518307
156,8,-0.0875461215345841,0.3354901084679023,-1.6703,0.9161,0.346724582739028,134.9621954634556,370.41406502000575,717644.1430707,2977.472245616916
157,8,-0.0939803416409969,0.3468138854321301,-1.9433,0.9006,0.3593218275355523,134.9621954634556,383.900172640023,766906.9240528701,2903.4308036488746
158,8,-0.1390436572388686,0.374675317297899,-2.1027,1.09,0.3996432559303876,134.9621954634556,437.9316032471929,895075.9172918499,3056.9757710420276
159,9,-0.0204037804536544,0.0615236125198901,-3.2873,0.0536,0.0648187407645236,29.991598991879023,37.3090084744933,24134.225222120003,4291.815584294411
160,9,0.0178601512181461,0.0609924014335314,-3.2232,0.1002,0.0635535839600262,29.991598991879023,36.39330209469528,23719.261917540003,4285.736566738712
161,9,0.0165790534864183,0.0608783171780931,-3.2163,0.1343,0.0630954397475921,29.991598991879023,41.67733325528132,23630.612724010007,4304.543267596489
162,9,0.0240728927471296,0.0289496055732122,-0.0874,0.1353,0.0376508144408506,29.991598991879023,40.137344410945985,5343.6131109299995,2492.3994288549356
163,9,0.0179355082609913,0.0608841384394353,-3.2183,0.0954,0.0634709442980992,29.991598991879023,35.232749344286866,23635.13211796,4287.798145483306
164,9,0.0158470456454774,0.061162218202131,-3.2163,0.1022,0.0631818470060422,29.991598991879023,39.43390216321493,23851.525466890005,4291.9787065785695
165,9,0.014150630075609,0.0608862257460694,-3.2163,0.0934,0.0625089818917094,29.991598991879023,37.39932754207564,23636.75272441,4284.578365807524
166,9,0.013865695883506,0.0276044841696844,-0.0796,0.1246,0.030891181081471,29.991598991879023,38.56571572041086,4858.5757361999995,2473.12490300541
167,9,0.016405628675441,0.0269761967991239,-0.0796,0.0866,0.0315730873685409,29.991598991879023,38.40280615812545,4639.92699348,2563.968696090183
168,9,0.01323819658359,0.0287587759485581,-0.0884,0.0944,0.0316593910687672,29.991598991879023,38.30986656372753,5273.3973842,2470.06812979115
169,9,0.0157320078409409,0.027687786636792,-0.0738,0.1197,0.0318450875262095,29.991598991879023,36.954464753174,4887.94357549,2563.2168422824116
170,9,0.0116103612433492,0.0609383994611032,-3.2183,0.0915,0.0620345792045214,29.991598991879023,40.711558787935296,23677.278986660007,4280.4160247732025
171,9,0.0139050126015121,0.0279938111748388,-0.0952,0.0934,0.0312570446386209,29.991598991879023,37.99364776637714,4996.59055195,2484.165819523466
172,9,0.0125222066647997,0.0288311696829082,-0.0874,0.0993,0.0314331354630842,29.991598991879023,37.32565433352856,5299.979977880002,2505.932386652573
173,9,0.0134193503220386,0.0281925474048988,-0.1127,0.0876,0.031223367727442,29.991598991879023,36.23775300548107,5067.78688704,2553.1617971049795
174,9,0.0120723606832819,0.0281616752014836,-0.0855,0.0934,0.0306401997810248,29.991598991879023,40.03989902644752,5056.694020319999,2514.5497444477633
175,9,0.0141542985158218,0.0288026996770445,-0.0942,0.1022,0.0320926732317677,29.991598991879023,37.38100887257358,5289.517970090001,2465.2464913606927
176,9,0.0129598991879025,0.0286339642485435,-0.0835,0.0866,0.0314302862784841,29.991598991879023,37.94410443192915,5227.724129180001,2526.750744727891
177,9,0.0147052926351162,0.0284873848874041,-0.0845,0.1022,0.0320589570823429,29.991598991879023,37.066061748133556,5174.33891547,2482.0112378017957
178,9,0.0131229067488098,0.0285912128710594,-0.0855,0.0857,0.0314589913216586,29.991598991879023,38.554136616814624,5212.125481000001,2470.710681051496
